计数项:file,列标签,,,,,,,
行标签,0,1,2,(空白),总计,,,
0,50,28,27,,105,0.476190476,0.266666667,0.257142857
1,54,31,35,,120,0.45,0.258333333,0.291666667
2,61,37,58,,156,0.391025641,0.237179487,0.371794872
(空白),,,,2,2,,,
总计,165,96,120,2,383,,,
